birth_cohort,legal_status,latest_us_occupation,education,labor_exp_age45,first_migration_age,total_trips,accumulated_us_experience,mean_proportion_low_income,label
34.0,1.0,2.0,4.0,23.666666666666668,67.0,4.0,9.0,0.18603297318406675,1
54.0,1.0,0.0,4.0,32.833333333333336,19.0,3.0,380.0,0.18603297318406675,0
32.0,1.0,1.0,6.0,31.0,24.0,1.0,48.0,0.32287174112266576,1
30.0,1.0,2.0,3.0,30.583333333333332,27.0,2.0,180.0,0.32287174112266576,0
18.0,1.0,1.0,3.0,37.0,28.0,1.0,468.0,0.32287174112266576,0
29.0,0.0,1.0,4.0,33.0,28.0,1.0,330.0,0.32287174112266576,0
29.0,1.0,1.0,5.0,34.0,45.0,9.0,59.0,0.17899777922911875,0
35.0,0.0,1.0,0.0,35.916666666666664,23.0,16.0,53.0,0.17899777922911875,0
36.0,0.0,2.0,3.0,36.0,29.0,5.0,108.0,0.17899777922911875,1
34.0,0.0,2.0,2.0,42.0,36.0,1.0,168.0,0.17899777922911875,1
36.0,0.0,2.0,3.0,34.166666666666664,33.0,6.0,132.0,0.2656433174291274,1
12.0,1.0,2.0,6.0,36.0,21.0,3.0,590.0,0.2656433174291274,0
14.0,1.0,0.0,1.0,38.333333333333336,25.0,1.0,4.0,0.2656433174291274,0
38.0,0.0,1.0,3.0,34.75,18.0,2.0,33.0,0.2656433174291274,1
38.0,0.0,2.0,3.0,31.0,40.0,1.0,72.0,0.2656433174291274,0
36.0,0.0,2.0,6.0,31.0,30.0,2.0,24.0,0.2351765307508255,1
38.0,0.0,1.0,9.0,35.0,31.0,2.0,48.0,0.2351765307508255,0
36.0,0.0,1.0,4.0,23.0,37.0,1.0,48.0,0.2351765307508255,1
23.0,1.0,0.0,6.0,28.0,18.0,1.0,24.0,0.22611220870135446,1
36.0,0.0,0.0,3.0,29.25,25.0,1.0,3.0,0.22611220870135446,1
31.0,1.0,2.0,13.0,40.166666666666664,24.0,3.0,26.0,0.22611220870135446,0
37.0,0.0,1.0,8.0,29.0,20.0,1.0,336.0,0.22611220870135446,1
35.0,1.0,2.0,9.0,21.0,25.0,1.0,24.0,0.5624172290213145,0
30.0,1.0,1.0,9.0,31.0,20.0,2.0,252.0,0.5624172290213145,1
10.0,1.0,0.0,0.0,33.166666666666664,28.0,1.0,2.0,0.5624172290213145,1
28.0,0.0,2.0,6.0,32.0,32.0,1.0,48.0,0.5624172290213145,1
31.0,0.0,2.0,12.0,42.5,17.0,2.0,253.0,0.5624172290213145,0
35.0,1.0,1.0,12.0,30.0,12.0,1.0,96.0,0.5624172290213145,1
20.0,0.0,1.0,12.0,36.0,28.0,1.0,144.0,0.5624172290213145,1
1.0,1.0,1.0,10.0,29.0,7.0,1.0,276.0,0.5624172290213145,1
32.0,0.0,2.0,1.0,30.5,28.0,1.0,6.0,0.5624172290213145,0
16.0,0.0,0.0,2.0,27.0,28.0,1.0,444.0,0.5624172290213145,1
33.0,1.0,1.0,6.0,33.0,22.0,1.0,348.0,0.5624172290213145,1
18.0,1.0,2.0,6.0,33.0,26.0,2.0,160.0,0.5624172290213145,0
29.0,1.0,2.0,12.0,30.0,16.0,2.0,372.0,0.5624172290213145,0
33.0,1.0,1.0,6.0,26.0,20.0,2.0,204.0,0.5624172290213145,0
32.0,0.0,1.0,1.0,39.0,20.0,1.0,120.0,0.5624172290213145,1
31.0,0.0,0.0,6.0,30.0,37.0,1.0,24.0,0.5624172290213145,1
31.0,1.0,1.0,3.0,31.083333333333332,42.0,1.0,1.0,0.5624172290213145,1
0.0,1.0,2.0,0.0,36.0,32.0,1.0,24.0,0.5624172290213145,1
7.0,0.0,0.0,2.0,31.0,25.0,2.0,108.0,0.5624172290213145,1
24.0,0.0,0.0,3.0,32.083333333333336,44.0,1.0,1.0,0.5624172290213145,1
12.0,1.0,0.0,0.0,31.0,29.0,1.0,84.0,0.5624172290213145,1
31.0,1.0,1.0,6.0,32.0,14.0,1.0,240.0,0.5624172290213145,1
37.0,0.0,2.0,17.0,25.666666666666668,20.0,1.0,8.0,0.5624172290213145,1
28.0,1.0,0.0,17.0,32.0,24.0,1.0,168.0,0.5624172290213145,1
37.0,1.0,1.0,12.0,29.0,17.0,1.0,354.0,0.5624172290213145,1
11.0,1.0,0.0,6.0,30.0,24.0,1.0,24.0,0.5624172290213145,1
27.0,1.0,0.0,6.0,36.916666666666664,20.0,3.0,11.0,0.5624172290213145,1
7.0,0.0,0.0,2.0,30.416666666666668,32.0,4.0,66.0,0.5624172290213145,1
33.0,1.0,1.0,6.0,31.0,42.0,1.0,60.0,0.5624172290213145,0
26.0,1.0,1.0,9.0,27.0,44.0,1.0,24.0,0.5624172290213145,0
8.0,1.0,0.0,0.0,24.0,22.0,1.0,156.0,0.5624172290213145,1
36.0,0.0,1.0,8.0,31.0,31.0,1.0,204.0,0.5624172290213145,0
38.0,1.0,2.0,17.0,34.0,26.0,2.0,120.0,0.5624172290213145,1
27.0,1.0,1.0,12.0,21.0,25.0,1.0,48.0,0.5624172290213145,1
13.0,0.0,0.0,8.0,34.0,12.0,1.0,36.0,0.5624172290213145,1
31.0,1.0,1.0,13.0,28.0,43.0,1.0,120.0,0.5624172290213145,1
21.0,1.0,0.0,3.0,36.0,20.0,1.0,96.0,0.5624172290213145,1
3.0,1.0,1.0,3.0,36.0,20.0,2.0,312.0,0.5624172290213145,1
24.0,0.0,2.0,2.0,30.916666666666668,23.0,1.0,11.0,0.5624172290213145,1
5.0,1.0,1.0,6.0,30.5,24.0,10.0,222.0,0.5624172290213145,1
7.0,0.0,1.0,5.0,28.0,18.0,1.0,732.0,0.5624172290213145,1
30.0,0.0,1.0,17.0,33.0,13.0,1.0,372.0,0.5624172290213145,1
12.0,1.0,0.0,4.0,24.916666666666668,19.0,1.0,143.0,0.5624172290213145,0
33.0,1.0,1.0,8.0,30.0,19.0,2.0,102.0,0.5624172290213145,0
21.0,1.0,0.0,3.0,29.416666666666668,27.0,2.0,5.0,0.5624172290213145,1
32.0,1.0,1.0,5.0,36.0,26.0,15.0,318.0,0.27212804890369546,1
21.0,1.0,0.0,1.0,30.833333333333332,19.0,4.0,34.0,0.21211772897509748,1
25.0,0.0,0.0,6.0,30.833333333333332,36.0,1.0,10.0,0.21211772897509748,0
18.0,0.0,2.0,2.0,33.5,24.0,2.0,18.0,0.21211772897509748,1
38.0,1.0,0.0,6.0,34.0,17.0,3.0,324.0,0.21211772897509748,1
19.0,0.0,0.0,4.0,33.666666666666664,21.0,6.0,44.0,0.21211772897509748,0
30.0,0.0,2.0,3.0,37.25,18.0,8.0,123.0,0.21211772897509748,1
12.0,1.0,0.0,0.0,34.5,21.0,2.0,6.0,0.4261479022907242,1
30.0,0.0,1.0,6.0,30.166666666666668,19.0,2.0,9.0,0.4261479022907242,1
27.0,0.0,1.0,4.0,28.666666666666668,37.0,3.0,19.0,0.4261479022907242,1
21.0,1.0,0.0,3.0,29.0,23.0,4.0,12.0,0.4261479022907242,1
28.0,0.0,1.0,2.0,29.833333333333332,40.0,2.0,10.0,0.4261479022907242,1
37.0,0.0,1.0,0.0,31.0,44.0,1.0,24.0,0.4261479022907242,1
25.0,0.0,1.0,6.0,27.0,43.0,3.0,24.0,0.4261479022907242,1
34.0,1.0,1.0,6.0,29.083333333333332,21.0,15.0,193.0,0.4261479022907242,1
29.0,0.0,1.0,12.0,31.0,33.0,2.0,60.0,0.25501783542443146,1
37.0,0.0,0.0,6.0,31.0,32.0,1.0,156.0,0.25501783542443146,0
21.0,1.0,0.0,4.0,29.333333333333332,20.0,8.0,28.0,0.33683457402333106,1
31.0,0.0,2.0,3.0,33.166666666666664,19.0,4.0,14.0,0.33683457402333106,0
28.0,0.0,1.0,3.0,33.5,21.0,3.0,66.0,0.33683457402333106,1
7.0,1.0,0.0,0.0,28.0,36.0,4.0,12.0,0.33683457402333106,1
24.0,1.0,0.0,0.0,37.166666666666664,22.0,1.0,2.0,0.33683457402333106,0
15.0,1.0,1.0,4.0,31.0,48.0,1.0,48.0,0.33683457402333106,1
22.0,1.0,0.0,3.0,30.166666666666668,14.0,5.0,14.0,0.33683457402333106,1
27.0,0.0,0.0,3.0,34.0,31.0,1.0,12.0,0.33683457402333106,1
22.0,0.0,0.0,7.0,27.666666666666668,19.0,7.0,56.0,0.33683457402333106,1
28.0,1.0,0.0,3.0,29.5,30.0,16.0,156.0,0.33683457402333106,0
39.0,0.0,0.0,0.0,29.75,37.0,2.0,9.0,0.33683457402333106,1
17.0,0.0,1.0,3.0,29.916666666666668,18.0,5.0,23.0,0.33683457402333106,1
29.0,0.0,0.0,6.0,33.666666666666664,16.0,36.0,316.0,0.33683457402333106,0
24.0,0.0,1.0,2.0,26.166666666666668,18.0,3.0,26.0,0.33683457402333106,1
17.0,0.0,2.0,0.0,36.833333333333336,21.0,4.0,118.0,0.33683457402333106,1
38.0,0.0,1.0,6.0,40.25,19.0,6.0,101.0,0.33683457402333106,1
32.0,1.0,1.0,3.0,27.916666666666668,21.0,16.0,320.0,0.33683457402333106,0
6.0,0.0,0.0,1.0,38.583333333333336,33.0,1.0,7.0,0.3126117748540345,1
19.0,0.0,1.0,8.0,28.0,34.0,2.0,48.0,0.3126117748540345,1
25.0,1.0,1.0,2.0,38.0,35.0,2.0,48.0,0.3126117748540345,1
30.0,0.0,0.0,3.0,32.0,23.0,1.0,72.0,0.3126117748540345,1
37.0,0.0,2.0,3.0,34.0,38.0,1.0,36.0,0.3126117748540345,1
23.0,1.0,0.0,6.0,27.75,19.0,3.0,9.0,0.3126117748540345,1
16.0,1.0,1.0,4.0,31.0,39.0,2.0,24.0,0.3126117748540345,0
33.0,0.0,1.0,4.0,23.0,23.0,1.0,360.0,0.3126117748540345,1
39.0,0.0,1.0,3.0,36.0,36.0,1.0,132.0,0.3126117748540345,1
35.0,0.0,1.0,9.0,32.0,17.0,2.0,288.0,0.32827183322724396,0
37.0,0.0,2.0,6.0,31.0,26.0,2.0,24.0,0.32827183322724396,1
37.0,0.0,1.0,6.0,30.5,38.0,1.0,18.0,0.32827183322724396,1
38.0,0.0,0.0,6.0,36.0,24.0,1.0,168.0,0.32827183322724396,1
36.0,0.0,1.0,6.0,34.0,22.0,1.0,12.0,0.32827183322724396,1
32.0,0.0,1.0,18.0,28.0,28.0,1.0,12.0,0.32827183322724396,1
27.0,1.0,1.0,6.0,34.0,25.0,1.0,132.0,0.32827183322724396,1
22.0,1.0,1.0,3.0,30.0,29.0,2.0,396.0,0.32827183322724396,1
22.0,0.0,0.0,0.0,37.0,34.0,1.0,12.0,0.32827183322724396,1
31.0,0.0,1.0,6.0,38.0,18.0,2.0,264.0,0.32827183322724396,1
32.0,0.0,1.0,4.0,32.0,39.0,1.0,12.0,0.233556588533269,1
19.0,1.0,1.0,2.0,36.0,35.0,2.0,24.0,0.233556588533269,1
38.0,0.0,2.0,6.0,32.0,17.0,2.0,24.0,0.233556588533269,1
35.0,0.0,1.0,6.0,21.0,28.0,1.0,24.0,0.233556588533269,1
28.0,1.0,2.0,6.0,32.0,27.0,8.0,180.0,0.503388823580198,1
34.0,0.0,2.0,9.0,22.5,27.0,1.0,6.0,0.503388823580198,0
35.0,1.0,2.0,12.0,36.0,40.0,1.0,120.0,0.503388823580198,1
15.0,0.0,0.0,3.0,34.5,25.0,2.0,6.0,0.503388823580198,1
34.0,1.0,1.0,6.0,27.0,21.0,2.0,48.0,0.503388823580198,0
39.0,0.0,1.0,3.0,38.0,15.0,1.0,180.0,0.503388823580198,0
38.0,1.0,1.0,7.0,32.0,32.0,1.0,72.0,0.503388823580198,1
16.0,1.0,0.0,1.0,36.083333333333336,20.0,3.0,7.0,0.503388823580198,1
12.0,0.0,1.0,2.0,31.0,33.0,1.0,264.0,0.503388823580198,1
18.0,1.0,1.0,3.0,36.0,38.0,1.0,12.0,0.503388823580198,0
19.0,1.0,0.0,6.0,34.0,20.0,2.0,36.0,0.503388823580198,0
17.0,0.0,1.0,16.0,40.0,26.0,1.0,372.0,0.503388823580198,0
27.0,1.0,2.0,6.0,27.0,26.0,1.0,24.0,0.503388823580198,0
23.0,0.0,1.0,6.0,34.0,59.0,1.0,48.0,0.503388823580198,1
34.0,0.0,0.0,6.0,26.25,19.0,1.0,84.0,0.5427403069541675,1
29.0,1.0,1.0,14.0,30.5,30.0,1.0,48.0,0.5427403069541675,1
22.0,1.0,2.0,6.0,32.5,20.0,1.0,6.0,0.5427403069541675,1
22.0,1.0,2.0,9.0,30.0,56.0,1.0,3.0,0.5427403069541675,0
26.0,1.0,2.0,6.0,29.5,24.0,2.0,24.0,0.5427403069541675,0
27.0,0.0,1.0,6.0,30.0,46.0,1.0,8.0,0.5427403069541675,1
19.0,1.0,0.0,6.0,37.5,23.0,4.0,18.0,0.5427403069541675,1
19.0,1.0,0.0,0.0,39.166666666666664,25.0,2.0,2.0,0.5427403069541675,1
32.0,1.0,2.0,6.0,26.0,6.0,1.0,24.0,0.5427403069541675,1
35.0,1.0,1.0,6.0,23.583333333333332,38.0,1.0,1.0,0.5427403069541675,1
34.0,1.0,1.0,6.0,21.5,47.0,1.0,48.0,0.3036757590987357,1
40.0,1.0,0.0,6.0,27.916666666666668,21.0,5.0,119.0,0.3036757590987357,0
19.0,1.0,0.0,3.0,32.0,48.0,3.0,18.0,0.3036757590987357,1
40.0,1.0,1.0,12.0,29.0,30.0,1.0,192.0,0.3036757590987357,0
32.0,1.0,1.0,9.0,34.0,50.0,1.0,4.0,0.3036757590987357,1
39.0,0.0,1.0,8.0,28.0,44.0,1.0,36.0,0.3036757590987357,1
18.0,1.0,0.0,0.0,29.0,22.0,1.0,96.0,0.3036757590987357,0
20.0,0.0,0.0,3.0,29.333333333333332,35.0,2.0,4.0,0.268573165960706,1
39.0,0.0,2.0,3.0,27.25,42.0,2.0,15.0,0.268573165960706,1
38.0,0.0,1.0,6.0,28.0,28.0,1.0,240.0,0.268573165960706,1
27.0,0.0,0.0,6.0,34.0,19.0,1.0,120.0,0.268573165960706,1
12.0,0.0,0.0,3.0,30.416666666666668,30.0,1.0,5.0,0.5631442933612603,0
19.0,1.0,0.0,6.0,32.0,17.0,3.0,72.0,0.5631442933612603,1
16.0,1.0,0.0,3.0,34.333333333333336,18.0,2.0,96.0,0.5631442933612603,1
31.0,0.0,1.0,6.0,28.083333333333332,38.0,3.0,18.0,0.5631442933612603,1
35.0,0.0,0.0,5.0,31.0,23.0,1.0,60.0,0.5631442933612603,1
24.0,0.0,1.0,0.0,28.666666666666668,37.0,6.0,120.0,0.5631442933612603,0
33.0,1.0,1.0,4.0,30.0,20.0,2.0,384.0,0.3036757590987357,0
31.0,1.0,2.0,3.0,30.0,39.0,2.0,24.0,0.3036757590987357,0
35.0,1.0,1.0,6.0,25.0,21.0,3.0,312.0,0.3979863843292437,0
41.0,0.0,2.0,8.0,25.0,24.0,1.0,84.0,0.3979863843292437,1
39.0,1.0,2.0,16.0,25.0,42.0,2.0,72.0,0.3979863843292437,1
36.0,0.0,1.0,6.0,29.166666666666668,25.0,1.0,8.0,0.3979863843292437,1
6.0,0.0,1.0,3.0,27.0,43.0,1.0,180.0,0.3979863843292437,1
40.0,0.0,0.0,12.0,26.833333333333332,25.0,1.0,2.0,0.3979863843292437,1
19.0,0.0,0.0,6.0,26.0,20.0,1.0,180.0,0.3979863843292437,1
14.0,0.0,0.0,11.0,31.416666666666668,22.0,2.0,120.0,0.3979863843292437,1
13.0,1.0,2.0,12.0,32.0,52.0,1.0,144.0,0.3979863843292437,1
26.0,1.0,0.0,12.0,30.0,35.0,1.0,24.0,0.3979863843292437,0
11.0,0.0,0.0,14.0,27.0,22.0,2.0,24.0,0.3979863843292437,1
26.0,1.0,1.0,9.0,33.0,25.0,1.0,36.0,0.3979863843292437,1
5.0,1.0,0.0,0.0,30.25,37.0,1.0,3.0,0.3979863843292437,1
31.0,1.0,2.0,3.0,31.5,40.0,1.0,6.0,0.3979863843292437,1
27.0,1.0,2.0,6.0,30.0,59.0,1.0,6.0,0.3979863843292437,1
13.0,1.0,0.0,3.0,23.583333333333332,26.0,9.0,19.0,0.3279464606801268,1
17.0,1.0,1.0,2.0,31.5,16.0,7.0,117.0,0.3279464606801268,1
23.0,1.0,0.0,6.0,25.5,22.0,2.0,6.0,0.3279464606801268,1
26.0,0.0,2.0,6.0,30.75,28.0,2.0,72.0,0.3279464606801268,1
36.0,1.0,2.0,3.0,33.75,26.0,2.0,15.0,0.3279464606801268,1
19.0,1.0,0.0,6.0,33.5,22.0,1.0,6.0,0.3279464606801268,1
33.0,0.0,2.0,6.0,30.833333333333332,29.0,2.0,4.0,0.3279464606801268,1
30.0,0.0,2.0,3.0,31.0,30.0,3.0,29.0,0.466597565192262,1
4.0,1.0,0.0,0.0,36.0,25.0,1.0,12.0,0.466597565192262,1
11.0,0.0,1.0,2.0,31.5,25.0,2.0,126.0,0.466597565192262,1
24.0,1.0,1.0,4.0,27.0,26.0,1.0,36.0,0.466597565192262,1
1.0,0.0,1.0,2.0,36.0,47.0,1.0,3.0,0.466597565192262,1
20.0,1.0,0.0,3.0,38.0,42.0,2.0,24.0,0.466597565192262,1
11.0,0.0,0.0,0.0,38.5,24.0,1.0,36.0,0.466597565192262,1
38.0,0.0,0.0,4.0,37.0,27.0,1.0,36.0,0.466597565192262,1
30.0,0.0,0.0,2.0,40.0,47.0,2.0,12.0,0.466597565192262,0
41.0,0.0,1.0,2.0,34.5,23.0,1.0,288.0,0.466597565192262,1
41.0,0.0,2.0,0.0,27.0,39.0,1.0,96.0,0.466597565192262,1
29.0,0.0,0.0,5.0,36.666666666666664,31.0,3.0,20.0,0.30615619575918274,1
39.0,0.0,1.0,3.0,36.416666666666664,18.0,4.0,41.0,0.30615619575918274,0
35.0,0.0,2.0,2.0,34.0,22.0,11.0,132.0,0.30615619575918274,1
38.0,1.0,2.0,17.0,38.0,11.0,1.0,192.0,0.19790497914524233,1
34.0,0.0,2.0,0.0,36.0,39.0,1.0,96.0,0.19790497914524233,1
38.0,0.0,1.0,2.0,31.0,25.0,1.0,84.0,0.19790497914524233,1
41.0,1.0,2.0,4.0,31.0,35.0,1.0,132.0,0.19790497914524233,1
29.0,1.0,0.0,0.0,36.0,57.0,1.0,6.0,0.19790497914524233,0
31.0,0.0,0.0,0.0,31.416666666666668,25.0,3.0,53.0,0.19790497914524233,0
31.0,0.0,1.0,9.0,33.0,25.0,1.0,48.0,0.19790497914524233,1
34.0,0.0,1.0,6.0,28.0,39.0,2.0,117.0,0.19790497914524233,0
41.0,0.0,1.0,0.0,32.0,39.0,2.0,84.0,0.19790497914524233,1
23.0,0.0,2.0,0.0,32.5,17.0,5.0,138.0,0.19790497914524233,1
41.0,0.0,2.0,0.0,31.333333333333332,24.0,2.0,4.0,0.19790497914524233,0
23.0,0.0,1.0,6.0,29.25,42.0,1.0,3.0,0.19790497914524233,1
25.0,1.0,2.0,6.0,35.0,58.0,2.0,14.0,0.19790497914524233,1
39.0,0.0,1.0,6.0,34.0,24.0,3.0,42.0,0.19790497914524233,1
14.0,0.0,1.0,2.0,36.0,17.0,1.0,108.0,0.19790497914524233,1
32.0,0.0,1.0,9.0,30.0,32.0,1.0,36.0,0.19790497914524233,0
38.0,0.0,1.0,0.0,38.0,38.0,3.0,17.0,0.19790497914524233,1
40.0,0.0,1.0,9.0,31.0,37.0,1.0,120.0,0.19790497914524233,0
41.0,0.0,1.0,12.0,29.0,30.0,1.0,204.0,0.18375182994706996,1
33.0,0.0,0.0,1.0,37.666666666666664,25.0,1.0,8.0,0.18375182994706996,1
37.0,0.0,1.0,6.0,36.0,38.0,1.0,12.0,0.18375182994706996,1
40.0,0.0,0.0,9.0,30.75,24.0,1.0,9.0,0.18375182994706996,1
27.0,0.0,0.0,2.0,37.25,22.0,2.0,27.0,0.18375182994706996,0
39.0,0.0,2.0,2.0,34.0,27.0,1.0,264.0,0.5321297041691028,1
25.0,0.0,2.0,0.0,22.0,41.0,1.0,36.0,0.5321297041691028,1
27.0,0.0,0.0,0.0,33.0,24.0,11.0,144.0,0.5321297041691028,1
36.0,0.0,0.0,2.0,34.0,18.0,3.0,31.0,0.5321297041691028,0
35.0,0.0,1.0,12.0,31.0,51.0,1.0,12.0,0.5321297041691028,1
39.0,0.0,2.0,9.0,38.0,27.0,1.0,36.0,0.5321297041691028,1
40.0,0.0,1.0,17.0,30.333333333333332,23.0,2.0,48.0,0.5321297041691028,0
39.0,0.0,2.0,6.0,29.333333333333332,16.0,1.0,4.0,0.256899995432371,1
36.0,1.0,0.0,2.0,38.0,23.0,4.0,240.0,0.256899995432371,1
40.0,1.0,1.0,9.0,29.5,43.0,2.0,30.0,0.256899995432371,1
29.0,0.0,2.0,6.0,29.416666666666668,36.0,4.0,65.0,0.256899995432371,1
39.0,0.0,1.0,6.0,35.0,48.0,1.0,6.0,0.256899995432371,1
33.0,0.0,1.0,6.0,32.0,45.0,1.0,12.0,0.256899995432371,1
35.0,1.0,1.0,6.0,34.0,20.0,2.0,24.0,0.256899995432371,0
42.0,0.0,1.0,9.0,28.0,40.0,1.0,72.0,0.256899995432371,0
29.0,1.0,1.0,9.0,33.0,18.0,1.0,24.0,0.256899995432371,1
39.0,0.0,1.0,6.0,40.0,48.0,1.0,6.0,0.16180667364439466,0
25.0,1.0,0.0,1.0,24.666666666666668,19.0,4.0,8.0,0.16180667364439466,1
38.0,1.0,0.0,6.0,32.0,38.0,2.0,120.0,0.16180667364439466,0
20.0,0.0,0.0,2.0,34.0,29.0,1.0,18.0,0.16180667364439466,1
44.0,0.0,2.0,2.0,34.0,22.0,1.0,288.0,0.16180667364439466,1
43.0,0.0,2.0,4.0,34.0,44.0,2.0,18.0,0.16180667364439466,0
26.0,0.0,1.0,6.0,30.5,21.0,5.0,34.0,0.16180667364439466,0
38.0,0.0,1.0,7.0,37.0,44.0,2.0,58.0,0.16180667364439466,0
20.0,1.0,0.0,3.0,31.666666666666668,29.0,1.0,3.0,0.16180667364439466,1
36.0,1.0,1.0,6.0,30.0,50.0,1.0,4.0,0.16180667364439466,0
41.0,1.0,2.0,6.0,33.0,22.0,7.0,324.0,0.16180667364439466,1
41.0,1.0,2.0,9.0,32.083333333333336,38.0,9.0,99.0,0.16180667364439466,1
37.0,0.0,1.0,6.0,38.0,50.0,1.0,1.0,0.3605477354718323,1
2.0,0.0,0.0,4.0,37.666666666666664,33.0,1.0,8.0,0.3605477354718323,1
35.0,1.0,2.0,9.0,38.0,16.0,2.0,384.0,0.3605477354718323,1
43.0,1.0,1.0,9.0,38.0,44.0,1.0,24.0,0.3605477354718323,1
23.0,1.0,2.0,3.0,35.25,25.0,3.0,3.0,0.3605477354718323,1
35.0,1.0,2.0,0.0,26.0,41.0,2.0,72.0,0.3605477354718323,1
39.0,0.0,0.0,5.0,32.0,29.0,1.0,24.0,0.3605477354718323,1
29.0,0.0,1.0,0.0,37.0,30.0,2.0,24.0,0.3605477354718323,0
31.0,1.0,1.0,12.0,36.0,41.0,1.0,204.0,0.3605477354718323,0
39.0,0.0,1.0,3.0,29.25,18.0,3.0,27.0,0.3605477354718323,1
10.0,1.0,0.0,0.0,33.083333333333336,25.0,1.0,1.0,0.3605477354718323,1
19.0,0.0,1.0,0.0,37.333333333333336,42.0,1.0,4.0,0.3605477354718323,1
39.0,0.0,1.0,17.0,28.0,22.0,1.0,336.0,0.3605477354718323,1
42.0,0.0,2.0,9.0,30.0,19.0,1.0,336.0,0.3605477354718323,1
40.0,1.0,2.0,6.0,33.0,23.0,1.0,312.0,0.3605477354718323,1
40.0,1.0,2.0,7.0,38.0,21.0,2.0,228.0,0.3605477354718323,1
17.0,1.0,2.0,0.0,30.0,40.0,1.0,384.0,0.3605477354718323,0
18.0,0.0,0.0,6.0,31.75,22.0,2.0,9.0,0.511485026688109,1
31.0,0.0,2.0,3.0,37.0,24.0,2.0,72.0,0.511485026688109,1
22.0,1.0,0.0,6.0,31.0,27.0,1.0,12.0,0.511485026688109,0
38.0,0.0,1.0,12.0,29.0,31.0,1.0,48.0,0.511485026688109,1
14.0,0.0,2.0,6.0,37.0,19.0,1.0,24.0,0.511485026688109,1
21.0,1.0,2.0,4.0,30.0,34.0,1.0,360.0,0.511485026688109,1
42.0,1.0,1.0,9.0,32.0,42.0,1.0,12.0,0.511485026688109,0
12.0,0.0,0.0,1.0,35.0,39.0,1.0,108.0,0.511485026688109,1
20.0,1.0,0.0,1.0,33.916666666666664,15.0,7.0,23.0,0.511485026688109,0
22.0,0.0,0.0,8.0,34.75,20.0,5.0,369.0,0.511485026688109,1
39.0,0.0,0.0,6.0,34.0,26.0,1.0,12.0,0.511485026688109,0
40.0,0.0,1.0,6.0,32.833333333333336,29.0,3.0,34.0,0.3605477354718323,0
27.0,1.0,2.0,1.0,31.5,27.0,4.0,234.0,0.3605477354718323,1
17.0,0.0,2.0,3.0,30.0,38.0,2.0,12.0,0.3605477354718323,0
19.0,1.0,2.0,0.0,34.0,19.0,9.0,468.0,0.3605477354718323,1
40.0,0.0,2.0,6.0,31.916666666666668,18.0,4.0,70.0,0.3605477354718323,1
40.0,0.0,2.0,2.0,33.416666666666664,18.0,2.0,132.0,0.3605477354718323,0
28.0,0.0,1.0,3.0,36.0,44.0,1.0,36.0,0.3605477354718323,1
16.0,0.0,0.0,1.0,37.0,39.0,1.0,12.0,0.3605477354718323,0
40.0,0.0,1.0,6.0,36.0,43.0,1.0,72.0,0.3605477354718323,1
39.0,0.0,1.0,3.0,36.0,19.0,1.0,24.0,0.3605477354718323,1
29.0,0.0,0.0,0.0,35.0,25.0,2.0,12.0,0.3605477354718323,0
27.0,1.0,1.0,0.0,34.0,23.0,5.0,336.0,0.3605477354718323,0
38.0,0.0,2.0,1.0,32.666666666666664,37.0,1.0,18.0,0.18811282053296466,0
43.0,0.0,1.0,9.0,31.5,38.0,1.0,24.0,0.1669478592228174,1
44.0,0.0,1.0,9.0,30.75,42.0,1.0,48.0,0.1669478592228174,1
26.0,0.0,0.0,1.0,28.5,51.0,1.0,10.0,0.1669478592228174,0
31.0,0.0,1.0,3.0,30.25,50.0,1.0,3.0,0.1669478592228174,0
39.0,0.0,1.0,6.0,28.0,46.0,1.0,60.0,0.1669478592228174,0
44.0,0.0,1.0,2.0,29.25,42.0,1.0,48.0,0.1669478592228174,1
35.0,0.0,1.0,3.0,32.0,50.0,1.0,60.0,0.1669478592228174,1
20.0,0.0,1.0,6.0,34.0,30.0,1.0,240.0,0.07528014030599807,0
43.0,0.0,2.0,8.0,36.0,22.0,1.0,156.0,0.07528014030599807,0
38.0,0.0,1.0,6.0,34.0,43.0,1.0,36.0,0.07528014030599807,0
24.0,1.0,0.0,3.0,31.916666666666668,34.0,4.0,48.0,0.07528014030599807,0
38.0,0.0,1.0,6.0,28.5,37.0,2.0,30.0,0.1570821719186325,1
26.0,0.0,0.0,3.0,31.0,39.0,7.0,42.0,0.1570821719186325,0
41.0,0.0,1.0,3.0,38.0,44.0,1.0,48.0,0.18811282053296466,0
37.0,0.0,2.0,0.0,31.0,49.0,1.0,12.0,0.43539765751778525,0
40.0,0.0,1.0,3.0,25.416666666666668,45.0,1.0,60.0,0.43539765751778525,1
44.0,0.0,1.0,5.0,31.75,40.0,2.0,15.0,0.43539765751778525,1
44.0,0.0,1.0,6.0,37.0,38.0,2.0,18.0,0.43539765751778525,1
18.0,1.0,1.0,4.0,32.5,25.0,2.0,306.0,0.40028013555916675,1
43.0,1.0,1.0,17.0,22.583333333333332,36.0,3.0,19.0,0.40028013555916675,1
30.0,1.0,0.0,16.0,30.0,23.0,1.0,36.0,0.40028013555916675,1
37.0,0.0,1.0,7.0,34.0,27.0,1.0,48.0,0.40028013555916675,1
21.0,1.0,0.0,3.0,27.0,19.0,1.0,12.0,0.40028013555916675,0
7.0,0.0,0.0,1.0,32.333333333333336,29.0,1.0,4.0,0.40028013555916675,1
30.0,0.0,1.0,6.0,30.0,32.0,1.0,48.0,0.40028013555916675,0
23.0,0.0,0.0,0.0,32.0,56.0,3.0,21.0,0.40028013555916675,1
25.0,1.0,1.0,0.0,31.0,46.0,2.0,96.0,0.40028013555916675,1
40.0,0.0,1.0,2.0,32.333333333333336,17.0,2.0,88.0,0.24605602777024227,1
42.0,0.0,1.0,2.0,33.0,23.0,1.0,72.0,0.24605602777024227,0
42.0,1.0,2.0,3.0,32.5,23.0,3.0,138.0,0.24605602777024227,1
41.0,0.0,1.0,2.0,33.0,27.0,1.0,36.0,0.24605602777024227,0
15.0,1.0,0.0,1.0,32.25,25.0,1.0,3.0,0.24605602777024227,1
44.0,1.0,1.0,6.0,20.0,27.0,9.0,59.0,0.24605602777024227,1
38.0,0.0,2.0,1.0,32.0,28.0,2.0,24.0,0.24605602777024227,1
45.0,0.0,1.0,6.0,33.0,14.0,2.0,324.0,0.24605602777024227,1
30.0,0.0,1.0,6.0,33.0,28.0,2.0,72.0,0.24605602777024227,1
44.0,0.0,1.0,4.0,32.583333333333336,20.0,1.0,19.0,0.24605602777024227,1
37.0,0.0,1.0,2.0,27.25,18.0,1.0,3.0,0.24605602777024227,0
25.0,1.0,1.0,5.0,33.0,19.0,1.0,312.0,0.24605602777024227,1
22.0,1.0,0.0,3.0,23.25,20.0,19.0,187.0,0.24605602777024227,1
31.0,1.0,1.0,3.0,30.25,25.0,9.0,246.0,0.24605602777024227,0
22.0,0.0,0.0,6.0,33.0,17.0,2.0,288.0,0.24605602777024227,1
33.0,1.0,1.0,1.0,33.0,21.0,2.0,168.0,0.24605602777024227,1
11.0,0.0,0.0,3.0,33.0,42.0,1.0,36.0,0.24605602777024227,1
37.0,0.0,1.0,3.0,33.0,24.0,2.0,36.0,0.24605602777024227,0
40.0,1.0,1.0,0.0,33.0,24.0,2.0,30.0,0.24605602777024227,0
40.0,0.0,1.0,0.0,33.0,18.0,1.0,264.0,0.24605602777024227,1
30.0,0.0,1.0,1.0,33.0,27.0,1.0,120.0,0.24605602777024227,1
27.0,1.0,1.0,3.0,32.416666666666664,26.0,3.0,180.0,0.24605602777024227,1
31.0,1.0,1.0,6.0,33.0,27.0,5.0,321.0,0.24605602777024227,1
23.0,0.0,0.0,9.0,32.0,24.0,2.0,12.0,0.24605602777024227,1
15.0,0.0,1.0,2.0,33.0,19.0,2.0,372.0,0.24605602777024227,1
38.0,0.0,2.0,0.0,32.5,26.0,2.0,42.0,0.24605602777024227,0
22.0,0.0,1.0,6.0,33.0,20.0,4.0,168.0,0.24605602777024227,1
14.0,1.0,0.0,2.0,34.0,51.0,1.0,12.0,0.26594290447063546,0
28.0,0.0,2.0,3.0,29.75,37.0,12.0,108.0,0.26594290447063546,1
38.0,0.0,1.0,6.0,34.0,25.0,1.0,156.0,0.26594290447063546,0
45.0,0.0,0.0,9.0,37.083333333333336,19.0,2.0,33.0,0.26594290447063546,1
19.0,1.0,1.0,2.0,31.0,45.0,1.0,36.0,0.26594290447063546,0
40.0,0.0,1.0,3.0,28.0,24.0,1.0,36.0,0.26594290447063546,0
35.0,0.0,1.0,2.0,28.0,36.0,1.0,216.0,0.26594290447063546,0
29.0,0.0,2.0,2.0,26.0,24.0,1.0,24.0,0.26594290447063546,0
38.0,1.0,1.0,9.0,34.0,32.0,2.0,252.0,0.26594290447063546,0
29.0,0.0,1.0,2.0,24.0,50.0,1.0,18.0,0.26594290447063546,0
29.0,1.0,2.0,3.0,34.0,26.0,2.0,360.0,0.26594290447063546,1
46.0,0.0,1.0,6.0,34.0,22.0,1.0,24.0,0.26594290447063546,1
37.0,1.0,1.0,1.0,34.0,31.0,1.0,288.0,0.18750239053507656,1
38.0,1.0,0.0,6.0,25.5,27.0,9.0,54.0,0.18750239053507656,1
42.0,0.0,0.0,6.0,31.25,26.0,1.0,3.0,0.18750239053507656,1
46.0,0.0,2.0,8.0,30.5,30.0,1.0,6.0,0.260623064792692,1
17.0,1.0,0.0,5.0,27.333333333333332,32.0,1.0,4.0,0.260623064792692,1
35.0,0.0,0.0,9.0,34.0,37.0,1.0,12.0,0.260623064792692,1
36.0,0.0,1.0,0.0,33.5,45.0,2.0,14.0,0.260623064792692,1
24.0,1.0,0.0,0.0,31.916666666666668,21.0,3.0,11.0,0.260623064792692,1
33.0,0.0,1.0,6.0,32.0,54.0,1.0,30.0,0.30082327966224726,0
44.0,0.0,1.0,9.0,32.0,43.0,1.0,60.0,0.30082327966224726,0
18.0,0.0,0.0,10.0,22.583333333333332,17.0,12.0,84.0,0.30082327966224726,1
44.0,0.0,1.0,9.0,32.0,28.0,1.0,24.0,0.1504288764156413,1
47.0,0.0,0.0,7.0,32.583333333333336,19.0,1.0,7.0,0.1387416105495991,0
44.0,0.0,2.0,17.0,31.0,36.0,1.0,24.0,0.1387416105495991,1
43.0,0.0,1.0,6.0,30.416666666666668,39.0,1.0,17.0,0.1387416105495991,1
45.0,0.0,1.0,17.0,33.0,35.0,2.0,36.0,0.17131792144595415,1
46.0,0.0,1.0,9.0,32.5,37.0,1.0,6.0,0.17131792144595415,0
25.0,0.0,0.0,0.0,33.0,34.0,1.0,60.0,0.15681117656479077,1
35.0,0.0,0.0,6.0,32.5,33.0,1.0,6.0,0.15681117656479077,0
42.0,0.0,2.0,6.0,31.0,27.0,5.0,168.0,0.15681117656479077,1
25.0,0.0,1.0,6.0,31.5,38.0,2.0,24.0,0.15681117656479077,1
36.0,0.0,1.0,6.0,33.0,22.0,1.0,108.0,0.15681117656479077,0
41.0,0.0,1.0,9.0,30.0,49.0,1.0,36.0,0.15681117656479077,0
44.0,0.0,1.0,6.0,31.0,20.0,1.0,120.0,0.15681117656479077,1
40.0,0.0,2.0,9.0,33.0,38.0,1.0,180.0,0.15681117656479077,0
46.0,0.0,1.0,6.0,32.416666666666664,29.0,1.0,5.0,0.15681117656479077,1
41.0,0.0,1.0,6.0,32.5,24.0,1.0,42.0,0.15681117656479077,0
42.0,1.0,1.0,17.0,31.5,34.0,1.0,6.0,0.15681117656479077,1
42.0,0.0,2.0,13.0,33.0,18.0,2.0,144.0,0.15681117656479077,0
43.0,0.0,2.0,6.0,33.0,25.0,1.0,12.0,0.15681117656479077,0
39.0,0.0,2.0,6.0,33.0,38.0,1.0,96.0,0.15681117656479077,0
37.0,0.0,2.0,9.0,21.5,24.0,1.0,6.0,0.15681117656479077,1
46.0,0.0,1.0,17.0,28.0,25.0,1.0,96.0,0.15681117656479077,1
39.0,0.0,2.0,6.0,31.583333333333332,34.0,5.0,136.0,0.15681117656479077,0
45.0,1.0,1.0,8.0,29.0,32.0,1.0,24.0,0.3660537323416527,1
44.0,1.0,1.0,4.0,24.0,27.0,1.0,264.0,0.3660537323416527,0
37.0,0.0,1.0,9.0,33.0,25.0,2.0,36.0,0.3660537323416527,1
36.0,0.0,1.0,4.0,31.0,39.0,2.0,48.0,0.3660537323416527,1
45.0,0.0,1.0,12.0,31.0,35.0,1.0,48.0,0.3660537323416527,1
47.0,0.0,2.0,12.0,30.0,36.0,2.0,108.0,0.3660537323416527,1
46.0,0.0,1.0,1.0,34.0,28.0,2.0,84.0,0.18128083913880955,1
36.0,0.0,1.0,0.0,35.166666666666664,37.0,3.0,26.0,0.18128083913880955,0
45.0,0.0,0.0,2.0,32.5,19.0,3.0,18.0,0.18128083913880955,1
42.0,0.0,1.0,6.0,33.5,41.0,4.0,84.0,0.18128083913880955,1
17.0,1.0,2.0,2.0,27.0,18.0,3.0,420.0,0.3403960457849617,1
19.0,0.0,1.0,0.0,34.0,40.0,2.0,108.0,0.3403960457849617,1
23.0,0.0,2.0,6.0,33.083333333333336,25.0,1.0,1.0,0.3403960457849617,1
44.0,1.0,1.0,17.0,25.25,20.0,2.0,15.0,0.3403960457849617,1
21.0,1.0,0.0,6.0,23.5,21.0,7.0,42.0,0.3403960457849617,1
33.0,0.0,0.0,3.0,34.25,17.0,3.0,15.0,0.3403960457849617,1
12.0,0.0,0.0,0.0,28.166666666666668,18.0,3.0,14.0,0.3403960457849617,1
22.0,0.0,0.0,6.0,31.25,20.0,2.0,10.0,0.3403960457849617,1
21.0,1.0,2.0,4.0,34.916666666666664,20.0,6.0,393.0,0.3403960457849617,1
28.0,1.0,0.0,4.0,24.916666666666668,22.0,10.0,335.0,0.3403960457849617,1
47.0,0.0,2.0,6.0,26.0,20.0,2.0,60.0,0.3403960457849617,0
44.0,0.0,2.0,8.0,34.0,28.0,1.0,252.0,0.3403960457849617,0
31.0,0.0,0.0,2.0,34.0,22.0,4.0,216.0,0.3403960457849617,0
44.0,0.0,1.0,6.0,32.75,19.0,4.0,51.0,0.3403960457849617,1
28.0,1.0,1.0,0.0,27.5,18.0,4.0,528.0,0.3403960457849617,1
8.0,0.0,1.0,0.0,33.5,25.0,2.0,51.0,0.3403960457849617,1
30.0,0.0,0.0,6.0,30.333333333333332,34.0,1.0,4.0,0.3403960457849617,1
14.0,1.0,0.0,3.0,29.333333333333332,24.0,3.0,16.0,0.3403960457849617,1
23.0,1.0,0.0,3.0,32.5,25.0,1.0,6.0,0.3403960457849617,1
37.0,0.0,2.0,12.0,28.0,45.0,1.0,12.0,0.3403960457849617,1
45.0,0.0,1.0,6.0,30.0,16.0,2.0,132.0,0.3403960457849617,1
24.0,1.0,1.0,9.0,28.0,21.0,1.0,564.0,0.3403960457849617,1
34.0,0.0,0.0,0.0,31.75,17.0,2.0,141.0,0.3403960457849617,1
17.0,1.0,0.0,6.0,29.0,17.0,2.0,252.0,0.3403960457849617,1
29.0,1.0,2.0,3.0,40.0,19.0,2.0,528.0,0.3403960457849617,1
18.0,1.0,0.0,2.0,38.0,17.0,2.0,690.0,0.3403960457849617,0
44.0,1.0,1.0,12.0,33.833333333333336,17.0,2.0,372.0,0.3403960457849617,1
34.0,1.0,1.0,2.0,34.0,18.0,2.0,504.0,0.3403960457849617,0
33.0,1.0,2.0,0.0,37.5,20.0,2.0,492.0,0.3403960457849617,1
23.0,1.0,2.0,4.0,38.0,31.0,3.0,480.0,0.3403960457849617,1
32.0,1.0,1.0,6.0,33.0,24.0,1.0,456.0,0.3403960457849617,0
32.0,1.0,1.0,4.0,30.666666666666668,21.0,4.0,482.0,0.3403960457849617,0
36.0,0.0,1.0,17.0,34.0,25.0,1.0,36.0,0.2230046374068595,1
29.0,0.0,0.0,6.0,32.166666666666664,32.0,5.0,38.0,0.2230046374068595,0
32.0,0.0,0.0,4.0,32.0,17.0,6.0,48.0,0.2230046374068595,1
36.0,1.0,0.0,6.0,31.333333333333332,19.0,10.0,136.0,0.2230046374068595,1
24.0,0.0,1.0,1.0,30.0,35.0,1.0,72.0,0.2230046374068595,1
37.0,0.0,0.0,6.0,29.0,17.0,1.0,48.0,0.2230046374068595,1
36.0,0.0,0.0,4.0,31.916666666666668,21.0,4.0,35.0,0.2230046374068595,1
39.0,0.0,1.0,17.0,28.0,18.0,1.0,84.0,0.2230046374068595,1
28.0,1.0,0.0,2.0,32.166666666666664,17.0,3.0,397.0,0.2230046374068595,0
34.0,0.0,2.0,3.0,34.0,20.0,1.0,72.0,0.2230046374068595,1
13.0,0.0,0.0,3.0,28.5,19.0,4.0,42.0,0.2230046374068595,1
25.0,1.0,2.0,2.0,33.0,19.0,3.0,180.0,0.2230046374068595,1
39.0,0.0,2.0,6.0,32.0,26.0,2.0,36.0,0.2230046374068595,1
41.0,0.0,0.0,6.0,34.0,26.0,2.0,24.0,0.19318467120982724,1
45.0,0.0,0.0,6.0,46.0,20.0,4.0,48.0,0.19318467120982724,1
48.0,1.0,1.0,6.0,32.0,16.0,1.0,252.0,0.19318467120982724,1
31.0,1.0,1.0,4.0,34.0,20.0,1.0,492.0,0.19318467120982724,1
39.0,0.0,0.0,6.0,31.0,22.0,1.0,12.0,0.19318467120982724,1
39.0,0.0,1.0,3.0,30.5,21.0,3.0,144.0,0.19318467120982724,1
41.0,0.0,2.0,6.0,31.0,22.0,1.0,60.0,0.19318467120982724,0
36.0,0.0,0.0,16.0,23.0,26.0,1.0,48.0,0.19318467120982724,1
21.0,0.0,2.0,17.0,21.0,26.0,10.0,120.0,0.46441092833251874,1
47.0,0.0,1.0,9.0,26.75,18.0,6.0,78.0,0.46441092833251874,0
24.0,0.0,1.0,6.0,33.0,13.0,2.0,108.0,0.46441092833251874,0
9.0,1.0,0.0,3.0,31.75,20.0,9.0,81.0,0.46441092833251874,1
21.0,0.0,1.0,6.0,25.833333333333332,25.0,2.0,10.0,0.43774291988476727,0
44.0,1.0,1.0,16.0,28.0,27.0,1.0,48.0,0.43774291988476727,1
45.0,0.0,1.0,9.0,31.0,38.0,1.0,132.0,0.43774291988476727,0
45.0,0.0,0.0,9.0,33.333333333333336,22.0,2.0,16.0,0.43774291988476727,1
26.0,0.0,0.0,2.0,34.0,18.0,6.0,84.0,0.43774291988476727,0
42.0,0.0,2.0,17.0,21.0,27.0,1.0,12.0,0.43774291988476727,1
42.0,0.0,0.0,12.0,32.75,25.0,2.0,16.0,0.43774291988476727,1
19.0,1.0,0.0,6.0,31.5,25.0,2.0,18.0,0.43774291988476727,1
21.0,1.0,0.0,3.0,30.0,24.0,1.0,12.0,0.05632767509354145,1
39.0,0.0,2.0,6.0,34.0,43.0,2.0,144.0,0.05632767509354145,1
46.0,0.0,2.0,3.0,34.0,42.0,1.0,84.0,0.05632767509354145,1
49.0,0.0,2.0,17.0,33.75,30.0,4.0,93.0,0.16275642491315867,0
44.0,0.0,2.0,12.0,33.166666666666664,22.0,1.0,2.0,0.16275642491315867,1
44.0,0.0,1.0,9.0,29.0,45.0,1.0,72.0,0.16275642491315867,1
49.0,0.0,1.0,6.0,30.0,43.0,1.0,36.0,0.16275642491315867,0
27.0,0.0,1.0,4.0,29.0,42.0,1.0,240.0,0.16275642491315867,1
44.0,0.0,2.0,2.0,33.333333333333336,38.0,7.0,156.0,0.16275642491315867,1
40.0,0.0,1.0,17.0,35.0,38.0,4.0,228.0,0.16275642491315867,0
46.0,0.0,1.0,12.0,28.0,31.0,1.0,240.0,0.16275642491315867,1
42.0,0.0,2.0,0.0,34.0,34.0,1.0,246.0,0.16275642491315867,1
41.0,0.0,1.0,0.0,32.166666666666664,25.0,3.0,356.0,0.16275642491315867,0
48.0,0.0,1.0,0.0,31.0,41.0,1.0,72.0,0.061993978651936225,1
37.0,0.0,1.0,3.0,30.5,22.0,10.0,216.0,0.061993978651936225,0
46.0,0.0,1.0,0.0,34.0,19.0,1.0,348.0,0.061993978651936225,1
46.0,0.0,2.0,9.0,34.0,25.0,1.0,36.0,0.061993978651936225,0
34.0,0.0,2.0,3.0,34.0,23.0,1.0,48.0,0.061993978651936225,0
19.0,1.0,0.0,3.0,31.5,28.0,1.0,6.0,0.06653643759119572,1
48.0,0.0,2.0,6.0,31.0,35.0,1.0,60.0,0.06653643759119572,1
43.0,1.0,0.0,6.0,30.5,31.0,1.0,6.0,0.17312136696287528,1
40.0,1.0,0.0,6.0,31.25,39.0,2.0,15.0,0.17312136696287528,1
45.0,1.0,0.0,3.0,30.5,40.0,1.0,6.0,0.17312136696287528,1
50.0,0.0,1.0,6.0,29.25,14.0,9.0,198.0,0.17312136696287528,1
45.0,1.0,0.0,6.0,32.416666666666664,17.0,3.0,33.0,0.17312136696287528,0
50.0,1.0,0.0,6.0,33.5,43.0,1.0,6.0,0.17312136696287528,1
19.0,0.0,0.0,5.0,30.416666666666668,17.0,1.0,9.0,2962.8762357831642,0
50.0,0.0,0.0,6.0,33.0,33.0,1.0,24.0,2962.8762357831642,1
50.0,0.0,0.0,6.0,32.0,38.0,1.0,24.0,2962.8762357831642,1
40.0,0.0,1.0,6.0,31.0,25.0,2.0,36.0,0.18963416668604635,0
48.0,0.0,0.0,6.0,32.083333333333336,33.0,1.0,1.0,0.18963416668604635,1
50.0,0.0,1.0,9.0,26.5,33.0,1.0,168.0,0.22041888631421366,0
47.0,0.0,1.0,8.0,28.0,28.0,1.0,120.0,0.22041888631421366,1
45.0,0.0,1.0,6.0,33.0,40.0,1.0,144.0,0.12595152339555687,1
49.0,1.0,1.0,2.0,38.0,21.0,4.0,168.0,0.23628693246760074,1
51.0,1.0,1.0,9.0,33.666666666666664,20.0,2.0,92.0,0.23628693246760074,1
51.0,1.0,2.0,9.0,26.666666666666668,22.0,11.0,152.0,0.23628693246760074,1
44.0,0.0,2.0,1.0,34.166666666666664,26.0,3.0,192.0,0.23628693246760074,0
48.0,1.0,1.0,9.0,32.0,21.0,2.0,96.0,0.23628693246760074,1
37.0,0.0,2.0,0.0,34.0,16.0,1.0,12.0,0.23628693246760074,1
35.0,0.0,0.0,6.0,29.0,26.0,1.0,12.0,0.23628693246760074,0
42.0,0.0,2.0,6.0,33.0,31.0,1.0,12.0,0.23628693246760074,1
27.0,1.0,0.0,6.0,32.5,20.0,1.0,18.0,0.23628693246760074,0
42.0,0.0,2.0,12.0,28.0,48.0,1.0,6.0,0.23628693246760074,0
51.0,1.0,1.0,12.0,28.5,21.0,3.0,96.0,0.23628693246760074,0
51.0,0.0,1.0,9.0,30.0,40.0,1.0,24.0,0.23628693246760074,1
47.0,0.0,1.0,9.0,31.0,20.0,2.0,24.0,0.23628693246760074,1
47.0,1.0,0.0,2.0,30.0,27.0,10.0,132.0,0.23628693246760074,0
48.0,0.0,0.0,2.0,30.416666666666668,30.0,4.0,41.0,0.23628693246760074,0
25.0,0.0,1.0,6.0,32.0,42.0,3.0,60.0,0.23628693246760074,1
27.0,0.0,1.0,3.0,31.0,40.0,5.0,84.0,0.253412641520752,0
32.0,1.0,1.0,6.0,29.0,39.0,7.0,66.0,0.253412641520752,0
51.0,0.0,1.0,12.0,32.0,15.0,4.0,156.0,0.253412641520752,1
50.0,0.0,1.0,5.0,32.0,23.0,2.0,36.0,0.253412641520752,0
42.0,1.0,2.0,6.0,35.0,21.0,9.0,204.0,0.253412641520752,1
46.0,0.0,0.0,9.0,30.0,39.0,6.0,72.0,0.253412641520752,0
49.0,1.0,2.0,12.0,28.0,23.0,5.0,228.0,0.253412641520752,1
41.0,0.0,0.0,6.0,33.0,24.0,1.0,84.0,0.253412641520752,1
46.0,1.0,2.0,6.0,29.0,25.0,8.0,84.0,0.253412641520752,1
50.0,0.0,1.0,3.0,29.166666666666668,29.0,8.0,194.0,0.253412641520752,0
31.0,0.0,0.0,6.0,29.75,40.0,2.0,69.0,0.253412641520752,1
41.0,0.0,0.0,3.0,33.0,22.0,1.0,12.0,0.253412641520752,1
30.0,0.0,0.0,6.0,32.75,34.0,2.0,21.0,0.253412641520752,0
30.0,0.0,2.0,9.0,30.0,19.0,9.0,108.0,0.3040856578310011,0
47.0,0.0,2.0,17.0,36.0,25.0,1.0,12.0,0.28939704695651747,1
35.0,0.0,2.0,6.0,36.0,25.0,4.0,48.0,0.28939704695651747,1
45.0,0.0,1.0,9.0,28.0,18.0,4.0,192.0,0.28939704695651747,1
32.0,1.0,2.0,6.0,34.0,15.0,7.0,180.0,0.28939704695651747,1
45.0,0.0,2.0,6.0,28.0,25.0,2.0,48.0,0.28939704695651747,0
48.0,0.0,2.0,6.0,36.0,17.0,2.0,48.0,0.28939704695651747,1
38.0,0.0,2.0,0.0,36.0,23.0,5.0,60.0,0.28939704695651747,1
52.0,0.0,1.0,9.0,32.0,41.0,1.0,60.0,0.28939704695651747,0
30.0,0.0,2.0,0.0,36.5,43.0,1.0,6.0,0.28939704695651747,0
25.0,1.0,0.0,0.0,26.333333333333332,20.0,2.0,4.0,0.28939704695651747,1
52.0,0.0,1.0,6.0,32.75,20.0,3.0,133.0,0.28939704695651747,1
50.0,0.0,2.0,6.0,32.0,17.0,3.0,192.0,0.28939704695651747,0
37.0,0.0,1.0,3.0,22.666666666666668,31.0,2.0,8.0,0.28939704695651747,1
42.0,0.0,2.0,3.0,33.0,26.0,4.0,48.0,0.28939704695651747,0
50.0,0.0,1.0,9.0,22.0,25.0,10.0,116.0,0.3040856578310011,0
32.0,0.0,2.0,3.0,30.0,41.0,4.0,24.0,0.3040856578310011,1
45.0,0.0,1.0,9.0,30.333333333333332,36.0,3.0,180.0,0.3040856578310011,1
42.0,0.0,1.0,6.0,32.0,28.0,10.0,120.0,0.3040856578310011,0
50.0,0.0,2.0,9.0,26.333333333333332,39.0,1.0,76.0,0.3040856578310011,1
41.0,0.0,2.0,6.0,35.416666666666664,31.0,1.0,5.0,0.3040856578310011,0
44.0,0.0,1.0,9.0,28.0,47.0,1.0,42.0,0.3040856578310011,0
16.0,0.0,2.0,0.0,28.0,32.0,2.0,72.0,0.18596123892078373,1
45.0,0.0,2.0,5.0,27.0,36.0,1.0,216.0,0.18596123892078373,1
37.0,0.0,1.0,12.0,28.0,43.0,2.0,144.0,0.258931603936632,1
42.0,0.0,1.0,12.0,29.0,38.0,1.0,24.0,0.258931603936632,1
46.0,0.0,2.0,9.0,28.0,39.0,2.0,156.0,0.18596123892078373,1
47.0,0.0,1.0,9.0,28.0,41.0,1.0,48.0,0.18596123892078373,1
46.0,1.0,2.0,17.0,31.0,47.0,1.0,36.0,0.3223277343172085,1
52.0,1.0,1.0,6.0,20.5,33.0,11.0,66.0,0.3223277343172085,1
53.0,0.0,1.0,6.0,33.0,33.0,1.0,84.0,0.3223277343172085,1
28.0,0.0,1.0,1.0,30.0,33.0,3.0,84.0,0.2805868308259445,0
43.0,0.0,1.0,6.0,29.0,17.0,1.0,48.0,0.2805868308259445,1
43.0,0.0,1.0,6.0,33.0,14.0,1.0,60.0,0.2805868308259445,0
50.0,1.0,1.0,9.0,26.0,23.0,2.0,132.0,0.2805868308259445,0
33.0,0.0,1.0,5.0,35.5,24.0,2.0,42.0,0.2805868308259445,1
43.0,1.0,2.0,4.0,32.0,14.0,1.0,228.0,0.2805868308259445,0
24.0,1.0,0.0,9.0,26.0,20.0,2.0,24.0,0.2805868308259445,1
33.0,1.0,1.0,3.0,29.0,23.0,1.0,48.0,0.2805868308259445,0
38.0,1.0,1.0,6.0,31.0,57.0,1.0,60.0,0.2805868308259445,1
20.0,1.0,0.0,3.0,32.0,14.0,2.0,672.0,0.2805868308259445,1
31.0,0.0,1.0,4.0,35.0,28.0,1.0,24.0,0.2805868308259445,0
24.0,1.0,2.0,1.0,24.0,31.0,1.0,504.0,0.22242501675301352,1
38.0,0.0,1.0,9.0,32.0,30.0,1.0,12.0,0.22242501675301352,1
33.0,0.0,1.0,12.0,31.0,16.0,1.0,276.0,0.22242501675301352,0
30.0,0.0,1.0,9.0,32.0,20.0,2.0,360.0,0.22242501675301352,1
48.0,0.0,1.0,6.0,30.0,27.0,2.0,72.0,0.22242501675301352,1
45.0,1.0,1.0,9.0,29.5,25.0,5.0,102.0,0.22242501675301352,1
36.0,1.0,0.0,4.0,30.0,16.0,1.0,576.0,0.22242501675301352,0
53.0,0.0,1.0,9.0,38.0,20.0,2.0,24.0,0.22242501675301352,1
25.0,0.0,1.0,3.0,30.0,32.0,2.0,48.0,0.22242501675301352,0
45.0,0.0,1.0,6.0,26.0,41.0,1.0,36.0,0.22242501675301352,1
52.0,0.0,1.0,9.0,30.0,16.0,1.0,24.0,0.22242501675301352,1
33.0,1.0,1.0,2.0,30.0,38.0,1.0,312.0,0.22242501675301352,0
18.0,1.0,2.0,4.0,22.0,24.0,1.0,240.0,0.22242501675301352,0
46.0,0.0,0.0,6.0,41.0,17.0,3.0,36.0,0.15895681828628577,1
5.0,1.0,0.0,0.0,32.0,32.0,1.0,108.0,0.15895681828628577,1
35.0,0.0,2.0,2.0,28.0,40.0,1.0,300.0,0.15895681828628577,1
23.0,0.0,2.0,5.0,29.0,28.0,2.0,264.0,0.15895681828628577,0
39.0,0.0,1.0,6.0,30.0,16.0,1.0,324.0,0.15895681828628577,0
46.0,0.0,1.0,5.0,30.0,25.0,2.0,36.0,0.146549422036687,0
20.0,0.0,1.0,4.0,34.0,18.0,1.0,36.0,0.146549422036687,1
16.0,0.0,2.0,6.0,38.0,42.0,1.0,108.0,0.146549422036687,1
53.0,0.0,1.0,6.0,28.0,22.0,1.0,168.0,0.146549422036687,1
49.0,0.0,2.0,9.0,31.0,15.0,1.0,60.0,0.146549422036687,1
35.0,0.0,2.0,5.0,31.0,19.0,1.0,12.0,0.146549422036687,1
45.0,0.0,1.0,9.0,32.0,29.0,1.0,48.0,0.146549422036687,1
20.0,0.0,2.0,0.0,34.0,21.0,9.0,216.0,0.12290213063058249,1
38.0,0.0,1.0,0.0,27.0,40.0,1.0,72.0,0.12290213063058249,1
40.0,0.0,2.0,0.0,28.0,35.0,1.0,204.0,0.12290213063058249,1
21.0,0.0,0.0,6.0,34.0,38.0,1.0,96.0,0.12290213063058249,0
50.0,0.0,2.0,6.0,34.0,12.0,1.0,312.0,0.12290213063058249,0
34.0,0.0,1.0,6.0,24.0,24.0,6.0,132.0,0.12290213063058249,1
15.0,1.0,0.0,0.0,32.0,32.0,1.0,24.0,0.12290213063058249,0
17.0,0.0,1.0,6.0,23.0,37.0,1.0,12.0,0.12290213063058249,1
46.0,1.0,2.0,9.0,34.0,34.0,2.0,24.0,0.12290213063058249,0
44.0,0.0,2.0,6.0,34.0,32.0,1.0,24.0,0.12290213063058249,0
33.0,1.0,1.0,3.0,34.0,24.0,2.0,36.0,0.12290213063058249,1
22.0,1.0,2.0,6.0,31.0,25.0,1.0,36.0,0.12290213063058249,0
29.0,0.0,2.0,6.0,34.0,25.0,2.0,36.0,0.12290213063058249,1
30.0,0.0,1.0,9.0,29.0,27.0,2.0,48.0,0.12290213063058249,0
32.0,0.0,2.0,6.0,27.0,33.0,1.0,324.0,0.12290213063058249,1
49.0,0.0,2.0,9.0,34.0,17.0,3.0,168.0,0.12290213063058249,0
42.0,0.0,2.0,3.0,31.0,22.0,1.0,48.0,0.12290213063058249,1
52.0,0.0,1.0,12.0,25.0,21.0,3.0,60.0,0.12290213063058249,1
51.0,0.0,2.0,9.0,30.0,19.0,2.0,108.0,0.12290213063058249,1
34.0,0.0,2.0,2.0,34.0,25.0,1.0,24.0,0.12290213063058249,0
36.0,0.0,1.0,0.0,34.0,25.0,2.0,36.0,0.12290213063058249,0
36.0,0.0,2.0,1.0,26.0,41.0,1.0,84.0,0.12290213063058249,1
40.0,0.0,2.0,9.0,34.0,23.0,3.0,36.0,0.12290213063058249,1
34.0,0.0,2.0,2.0,33.0,43.0,1.0,36.0,0.12290213063058249,1
36.0,0.0,2.0,6.0,32.0,22.0,3.0,36.0,0.12290213063058249,1
36.0,0.0,1.0,6.0,34.0,23.0,2.0,48.0,0.12290213063058249,1
53.0,1.0,2.0,18.0,28.0,18.0,2.0,60.0,0.12290213063058249,1
40.0,0.0,1.0,6.0,30.0,17.0,2.0,504.0,0.12290213063058249,0
48.0,0.0,1.0,3.0,34.0,36.0,3.0,156.0,0.12290213063058249,1
33.0,0.0,2.0,6.0,36.0,21.0,2.0,552.0,0.12290213063058249,1
33.0,1.0,2.0,13.0,30.0,22.0,2.0,366.0,0.12290213063058249,1
40.0,0.0,2.0,3.0,31.0,31.0,1.0,360.0,0.12290213063058249,0
34.0,0.0,2.0,0.0,38.5,35.0,2.0,378.0,0.12290213063058249,1
53.0,0.0,1.0,9.0,33.0,16.0,1.0,384.0,0.12290213063058249,0
42.0,0.0,1.0,6.0,27.0,19.0,2.0,312.0,0.11548655042870298,1
47.0,0.0,1.0,2.0,26.0,20.0,1.0,36.0,0.11548655042870298,1
29.0,0.0,2.0,0.0,34.0,24.0,1.0,24.0,0.11548655042870298,0
41.0,0.0,1.0,18.0,34.0,31.0,1.0,264.0,0.11548655042870298,1
44.0,0.0,1.0,6.0,34.0,21.0,1.0,312.0,0.11548655042870298,0
35.0,0.0,2.0,2.0,34.0,24.0,1.0,120.0,0.11548655042870298,0
28.0,0.0,2.0,6.0,31.0,35.0,1.0,24.0,0.11548655042870298,0
48.0,1.0,1.0,16.0,27.0,24.0,2.0,300.0,0.11548655042870298,0
44.0,0.0,1.0,9.0,34.0,12.0,3.0,396.0,0.11548655042870298,0
41.0,0.0,1.0,9.0,31.0,30.0,1.0,12.0,0.11548655042870298,1
24.0,0.0,1.0,0.0,34.0,39.0,1.0,312.0,0.11548655042870298,1
44.0,0.0,1.0,6.0,26.0,20.0,1.0,204.0,0.11548655042870298,1
36.0,0.0,2.0,1.0,34.0,28.0,1.0,24.0,0.11548655042870298,1
39.0,0.0,1.0,6.0,22.0,30.0,1.0,384.0,0.11548655042870298,1
42.0,1.0,2.0,16.0,24.0,28.0,1.0,372.0,0.11548655042870298,0
51.0,0.0,1.0,9.0,26.0,27.0,1.0,276.0,0.11548655042870298,1
38.0,1.0,2.0,9.0,28.0,18.0,1.0,540.0,0.11548655042870298,1
41.0,0.0,1.0,17.0,22.0,30.0,1.0,360.0,0.11548655042870298,0
47.0,1.0,1.0,17.0,24.0,27.0,2.0,312.0,0.11548655042870298,0
37.0,0.0,1.0,9.0,34.0,28.0,1.0,12.0,0.08876312800987766,0
51.0,1.0,1.0,6.0,30.0,18.0,2.0,348.0,0.08876312800987766,0
16.0,1.0,1.0,0.0,34.0,40.0,1.0,132.0,0.08876312800987766,0
54.0,0.0,1.0,12.0,33.5,22.0,1.0,252.0,0.08876312800987766,1
23.0,1.0,1.0,6.0,30.0,30.0,1.0,456.0,0.08876312800987766,0
49.0,0.0,1.0,9.0,34.0,22.0,2.0,108.0,0.08876312800987766,0
22.0,1.0,0.0,0.0,34.0,20.0,2.0,24.0,0.08876312800987766,1
41.0,1.0,2.0,17.0,34.0,26.0,1.0,60.0,0.08876312800987766,0
43.0,0.0,2.0,6.0,28.0,26.0,1.0,384.0,0.08876312800987766,1
40.0,1.0,0.0,6.0,34.0,22.0,3.0,240.0,0.08876312800987766,0
55.0,0.0,1.0,9.0,34.0,21.0,1.0,300.0,0.08876312800987766,0
48.0,0.0,1.0,3.0,31.0,15.0,1.0,456.0,0.08876312800987766,0
34.0,0.0,2.0,6.0,28.0,34.0,1.0,396.0,0.08876312800987766,1
39.0,0.0,1.0,9.0,27.5,18.0,3.0,78.0,0.366797267891916,1
37.0,0.0,1.0,17.0,32.0,15.0,2.0,564.0,0.366797267891916,1
32.0,1.0,0.0,0.0,32.0,17.0,5.0,120.0,0.366797267891916,1
41.0,0.0,2.0,6.0,33.0,39.0,1.0,24.0,0.366797267891916,1
25.0,1.0,2.0,4.0,33.0,23.0,1.0,12.0,0.366797267891916,0
52.0,0.0,1.0,6.0,33.0,32.0,1.0,60.0,0.366797267891916,1
42.0,1.0,1.0,6.0,27.0,19.0,15.0,264.0,0.366797267891916,0
40.0,1.0,1.0,6.0,32.0,15.0,5.0,420.0,0.366797267891916,0
41.0,0.0,2.0,6.0,32.0,16.0,2.0,24.0,0.366797267891916,1
24.0,1.0,0.0,0.0,31.0,18.0,3.0,36.0,0.366797267891916,1
45.0,1.0,1.0,9.0,32.0,14.0,7.0,324.0,0.366797267891916,0
34.0,0.0,2.0,0.0,32.0,28.0,1.0,12.0,0.366797267891916,1
54.0,0.0,1.0,6.0,31.0,18.0,2.0,96.0,0.2805868308259445,1
35.0,0.0,1.0,2.0,33.0,25.0,1.0,24.0,0.2805868308259445,0
53.0,0.0,1.0,6.0,30.0,17.0,1.0,48.0,0.2805868308259445,1
35.0,0.0,0.0,5.0,30.0,45.0,1.0,252.0,0.2805868308259445,0
44.0,0.0,0.0,6.0,33.0,26.0,1.0,24.0,0.2805868308259445,1
39.0,0.0,1.0,0.0,32.0,26.0,2.0,264.0,0.2805868308259445,1
40.0,0.0,2.0,9.0,21.0,41.0,1.0,48.0,0.2805868308259445,0
27.0,0.0,1.0,6.0,28.0,18.0,2.0,24.0,0.24934941463035276,1
41.0,0.0,1.0,6.0,31.0,31.0,1.0,24.0,0.24934941463035276,1
55.0,0.0,2.0,3.0,33.0,24.0,1.0,24.0,0.24934941463035276,1
45.0,0.0,0.0,9.0,30.0,39.0,1.0,24.0,0.24934941463035276,0
45.0,0.0,1.0,9.0,33.0,40.0,1.0,12.0,0.3261169775912217,0
43.0,1.0,1.0,6.0,31.0,20.0,1.0,84.0,0.3261169775912217,1
31.0,0.0,2.0,6.0,22.0,24.0,1.0,216.0,0.3261169775912217,0
44.0,1.0,2.0,6.0,31.0,18.0,5.0,132.0,0.3261169775912217,0
52.0,0.0,2.0,6.0,30.0,32.0,1.0,204.0,0.3261169775912217,1
51.0,0.0,2.0,6.0,30.0,16.0,2.0,192.0,0.3261169775912217,0
52.0,0.0,0.0,3.0,32.0,39.0,1.0,12.0,0.14700027612444785,1
54.0,0.0,1.0,0.0,33.0,34.0,1.0,168.0,0.14700027612444785,1
51.0,0.0,2.0,5.0,31.0,34.0,2.0,42.0,0.14700027612444785,0
54.0,0.0,0.0,6.0,33.0,26.0,3.0,96.0,0.14700027612444785,1
51.0,1.0,1.0,6.0,29.0,22.0,2.0,36.0,0.14700027612444785,1
52.0,0.0,1.0,6.0,32.666666666666664,31.0,1.0,8.0,0.14700027612444785,1
48.0,0.0,0.0,9.0,30.0,39.0,1.0,12.0,0.13990697040768607,1
30.0,0.0,1.0,0.0,32.0,35.0,1.0,24.0,0.13990697040768607,1
38.0,0.0,1.0,8.0,38.0,30.0,3.0,84.0,0.24663391246018407,0
43.0,0.0,1.0,6.0,31.5,36.0,1.0,6.0,0.24663391246018407,1
46.0,0.0,0.0,6.0,31.666666666666668,29.0,1.0,8.0,0.24663391246018407,0
48.0,0.0,2.0,9.0,31.0,30.0,2.0,216.0,0.24663391246018407,1
51.0,0.0,1.0,3.0,34.0,24.0,1.0,24.0,0.0424752177964042,0
42.0,0.0,1.0,18.0,34.0,34.0,1.0,12.0,0.0424752177964042,1
35.0,0.0,2.0,1.0,34.0,35.0,1.0,180.0,0.0424752177964042,1
47.0,0.0,1.0,9.0,34.0,38.0,1.0,204.0,0.0424752177964042,1
50.0,0.0,2.0,6.0,33.0,23.0,2.0,132.0,0.0424752177964042,0
53.0,0.0,1.0,9.0,33.0,22.0,1.0,36.0,0.0424752177964042,0
53.0,0.0,2.0,9.0,34.0,19.0,2.0,108.0,0.0424752177964042,1
46.0,0.0,1.0,0.0,33.5,25.0,2.0,18.0,0.0424752177964042,0
56.0,0.0,2.0,4.0,28.0,29.0,1.0,108.0,0.0424752177964042,0
43.0,0.0,1.0,6.0,34.0,33.0,1.0,72.0,0.0424752177964042,1
50.0,0.0,1.0,0.0,33.0,23.0,1.0,144.0,0.0424752177964042,0
52.0,0.0,1.0,1.0,33.0,19.0,1.0,240.0,0.0424752177964042,0
47.0,0.0,1.0,0.0,34.0,18.0,1.0,48.0,0.0424752177964042,1
47.0,0.0,2.0,0.0,29.0,17.0,1.0,456.0,0.0424752177964042,1
27.0,0.0,2.0,2.0,34.0,30.0,1.0,540.0,0.0424752177964042,1
44.0,0.0,2.0,2.0,34.0,36.0,1.0,264.0,0.0424752177964042,1
34.0,1.0,1.0,6.0,31.0,40.0,2.0,252.0,0.0424752177964042,1
53.0,0.0,1.0,6.0,34.0,22.0,1.0,324.0,0.0424752177964042,0
49.0,0.0,2.0,6.0,34.0,16.0,1.0,444.0,0.0424752177964042,1
42.0,0.0,2.0,6.0,34.0,21.0,1.0,468.0,0.0424752177964042,1
48.0,0.0,2.0,0.0,34.0,19.0,1.0,420.0,0.0424752177964042,1
50.0,0.0,2.0,9.0,34.0,34.0,1.0,216.0,0.0424752177964042,1
55.0,0.0,1.0,9.0,31.0,16.0,1.0,192.0,0.07825590750901179,1
48.0,1.0,1.0,3.0,33.333333333333336,22.0,3.0,300.0,0.07825590750901179,0
53.0,0.0,0.0,6.0,30.0,23.0,1.0,12.0,0.07825590750901179,1
38.0,0.0,2.0,0.0,34.0,47.0,1.0,48.0,0.07825590750901179,1
50.0,1.0,2.0,17.0,21.5,24.0,3.0,18.0,0.07825590750901179,1
52.0,1.0,1.0,3.0,33.0,16.0,2.0,384.0,0.11368081207282668,1
49.0,1.0,1.0,6.0,31.5,22.0,5.0,300.0,0.11368081207282668,0
56.0,0.0,1.0,6.0,33.0,28.0,1.0,36.0,0.11368081207282668,1
42.0,0.0,0.0,4.0,31.0,30.0,1.0,12.0,0.11368081207282668,1
38.0,1.0,1.0,6.0,30.416666666666668,34.0,3.0,96.0,0.11368081207282668,1
51.0,1.0,0.0,6.0,35.916666666666664,25.0,6.0,113.0,0.11368081207282668,1
35.0,0.0,0.0,0.0,33.0,22.0,2.0,108.0,0.11368081207282668,0
40.0,0.0,0.0,0.0,32.166666666666664,13.0,10.0,566.0,0.11368081207282668,1
51.0,0.0,2.0,3.0,34.0,16.0,1.0,420.0,0.11368081207282668,1
51.0,0.0,2.0,6.0,28.0,31.0,1.0,216.0,0.1193470539611134,1
53.0,0.0,0.0,6.0,33.166666666666664,28.0,2.0,50.0,0.1193470539611134,1
56.0,0.0,1.0,6.0,37.0,22.0,1.0,36.0,0.1193470539611134,1
50.0,0.0,1.0,6.0,34.0,24.0,2.0,24.0,0.1193470539611134,1
44.0,0.0,1.0,0.0,33.0,25.0,1.0,24.0,0.1193470539611134,1
33.0,0.0,2.0,0.0,35.0,30.0,2.0,72.0,0.15681117656479077,1
53.0,0.0,2.0,9.0,30.5,26.0,1.0,48.0,0.15681117656479077,1
49.0,0.0,1.0,9.0,31.0,31.0,2.0,113.0,0.15681117656479077,1
55.0,0.0,0.0,9.0,31.0,24.0,2.0,72.0,0.15681117656479077,0
55.0,0.0,1.0,6.0,34.0,25.0,2.0,180.0,0.15681117656479077,0
51.0,0.0,2.0,12.0,19.0,30.0,1.0,192.0,0.15681117656479077,1
44.0,0.0,0.0,6.0,33.5,33.0,2.0,30.0,0.15681117656479077,0
55.0,0.0,1.0,6.0,34.0,18.0,2.0,48.0,0.15681117656479077,0
56.0,0.0,2.0,6.0,34.0,14.0,1.0,348.0,0.15681117656479077,0
49.0,0.0,2.0,12.0,27.083333333333332,22.0,2.0,106.0,0.10506251293007143,0
57.0,0.0,2.0,9.0,31.0,23.0,3.0,84.0,0.1387416105495991,1
49.0,0.0,2.0,6.0,34.0,35.0,1.0,216.0,0.1387416105495991,1
41.0,0.0,1.0,6.0,28.0,37.0,1.0,192.0,0.1387416105495991,0
41.0,0.0,2.0,6.0,32.916666666666664,40.0,2.0,65.0,0.1387416105495991,1
40.0,0.0,1.0,0.0,29.0,34.0,1.0,36.0,0.1387416105495991,1
54.0,0.0,1.0,9.0,29.083333333333332,20.0,3.0,58.0,0.1387416105495991,1
42.0,0.0,2.0,9.0,29.333333333333332,29.0,3.0,16.0,0.1387416105495991,0
55.0,0.0,2.0,6.0,33.666666666666664,20.0,3.0,104.0,0.1387416105495991,0
53.0,0.0,1.0,3.0,36.0,21.0,2.0,96.0,0.1387416105495991,1
42.0,0.0,2.0,6.0,32.0,42.0,1.0,12.0,0.1387416105495991,0
51.0,0.0,2.0,6.0,34.0,37.0,1.0,120.0,0.21115666919998477,1
52.0,0.0,1.0,6.0,34.0,30.0,3.0,144.0,0.21115666919998477,1
56.0,0.0,2.0,3.0,37.0,35.0,1.0,144.0,0.21115666919998477,1
51.0,0.0,1.0,12.0,28.0,28.0,1.0,288.0,0.21115666919998477,1
45.0,0.0,1.0,12.0,28.0,18.0,1.0,144.0,0.17244401375619664,0
49.0,0.0,2.0,12.0,31.0,43.0,1.0,36.0,0.17244401375619664,1
54.0,0.0,1.0,6.0,33.25,42.0,1.0,39.0,0.09075076631345262,1
57.0,0.0,1.0,6.0,34.0,16.0,4.0,204.0,0.1570145589118308,1
50.0,0.0,1.0,9.0,30.25,18.0,3.0,132.0,0.1570145589118308,1
57.0,0.0,1.0,10.0,30.0,16.0,3.0,180.0,0.1570145589118308,1
45.0,0.0,1.0,9.0,31.0,20.0,2.0,108.0,0.1570145589118308,1
45.0,0.0,1.0,6.0,34.0,15.0,2.0,60.0,0.1523291898494421,1
46.0,0.0,1.0,6.0,34.0,22.0,1.0,24.0,0.1523291898494421,1
42.0,1.0,1.0,9.0,31.0,57.0,1.0,60.0,0.1523291898494421,0
43.0,1.0,1.0,5.0,33.333333333333336,30.0,5.0,324.0,0.1523291898494421,1
55.0,0.0,2.0,6.0,33.5,40.0,1.0,6.0,0.1523291898494421,0
50.0,1.0,1.0,17.0,24.0,30.0,2.0,180.0,0.1523291898494421,0
57.0,0.0,1.0,9.0,30.5,21.0,2.0,66.0,0.1523291898494421,1
49.0,0.0,1.0,6.0,34.0,15.0,1.0,48.0,0.1523291898494421,1
54.0,0.0,1.0,6.0,33.5,20.0,3.0,132.0,0.1523291898494421,1
41.0,1.0,0.0,0.0,34.0,29.0,5.0,60.0,0.1523291898494421,0
48.0,0.0,1.0,9.0,30.666666666666668,27.0,3.0,56.0,0.1523291898494421,1
57.0,1.0,1.0,9.0,25.5,21.0,2.0,66.0,0.1523291898494421,1
37.0,0.0,1.0,3.0,32.0,20.0,10.0,60.0,0.1523291898494421,0
50.0,0.0,2.0,5.0,34.75,16.0,2.0,45.0,0.1523291898494421,1
56.0,0.0,1.0,9.0,31.0,18.0,1.0,132.0,0.10982379302626086,1
39.0,0.0,1.0,2.0,38.0,21.0,2.0,408.0,0.10982379302626086,1
49.0,0.0,1.0,12.0,26.5,25.0,1.0,12.0,0.10982379302626086,1
48.0,0.0,1.0,6.0,26.0,22.0,8.0,72.0,0.10982379302626086,0
46.0,1.0,1.0,3.0,36.166666666666664,18.0,4.0,74.0,0.10982379302626086,0
41.0,0.0,0.0,2.0,31.333333333333332,23.0,5.0,34.0,0.10982379302626086,0
41.0,0.0,1.0,2.0,38.0,25.0,1.0,84.0,0.10982379302626086,0
47.0,0.0,1.0,6.0,33.666666666666664,14.0,5.0,200.0,0.10982379302626086,1
49.0,0.0,1.0,6.0,34.0,18.0,2.0,108.0,0.10982379302626086,1
56.0,0.0,2.0,12.0,29.0,17.0,2.0,168.0,0.10982379302626086,0
39.0,0.0,0.0,3.0,34.333333333333336,18.0,7.0,172.0,0.10982379302626086,1
37.0,0.0,1.0,4.0,34.0,23.0,3.0,96.0,0.053006072245665885,0
42.0,0.0,2.0,3.0,31.0,39.0,2.0,60.0,0.053006072245665885,1
49.0,0.0,2.0,9.0,31.0,18.0,1.0,192.0,0.053006072245665885,0
38.0,1.0,1.0,6.0,33.666666666666664,12.0,5.0,540.0,0.053006072245665885,0
34.0,0.0,1.0,3.0,37.0,25.0,3.0,108.0,0.053006072245665885,0
55.0,0.0,2.0,6.0,39.0,30.0,4.0,192.0,0.053006072245665885,1
36.0,0.0,2.0,0.0,34.0,29.0,2.0,420.0,0.053006072245665885,1
47.0,0.0,2.0,1.0,36.5,17.0,4.0,66.0,0.053006072245665885,0
32.0,0.0,1.0,6.0,26.0,24.0,10.0,60.0,0.053006072245665885,0
47.0,0.0,1.0,6.0,33.0,18.0,2.0,72.0,0.053006072245665885,1
58.0,0.0,1.0,3.0,36.0,44.0,1.0,36.0,0.046267358230547576,0
35.0,0.0,1.0,0.0,37.5,35.0,2.0,24.0,0.046267358230547576,0
57.0,0.0,1.0,6.0,34.0,26.0,3.0,108.0,0.046267358230547576,1
35.0,0.0,2.0,0.0,38.0,35.0,1.0,12.0,0.046267358230547576,0
46.0,0.0,1.0,2.0,31.0,19.0,2.0,156.0,0.046267358230547576,1
58.0,0.0,2.0,3.0,37.0,32.0,1.0,12.0,0.046267358230547576,1
43.0,0.0,2.0,0.0,36.0,38.0,1.0,24.0,0.046267358230547576,0
52.0,0.0,1.0,6.0,34.0,16.0,1.0,24.0,0.046267358230547576,1
59.0,0.0,1.0,6.0,33.0,30.0,1.0,192.0,0.046267358230547576,0
41.0,0.0,1.0,4.0,34.0,24.0,1.0,48.0,0.09653664734269554,1
47.0,0.0,2.0,6.0,34.0,21.0,2.0,108.0,0.09653664734269554,0
58.0,0.0,1.0,6.0,33.0,23.0,3.0,192.0,0.09653664734269554,1
50.0,0.0,2.0,6.0,33.0,25.0,4.0,168.0,0.09653664734269554,0
59.0,0.0,1.0,6.0,31.75,14.0,2.0,285.0,0.09653664734269554,1
42.0,0.0,0.0,7.0,33.0,24.0,2.0,216.0,0.09653664734269554,1
48.0,0.0,1.0,6.0,34.0,18.0,3.0,84.0,0.09653664734269554,0
57.0,0.0,1.0,3.0,37.0,18.0,2.0,144.0,0.09653664734269554,0
49.0,0.0,1.0,6.0,31.0,34.0,9.0,72.0,0.09653664734269554,1
57.0,1.0,0.0,6.0,33.0,20.0,3.0,160.0,0.09653664734269554,0
54.0,0.0,1.0,6.0,34.0,20.0,4.0,84.0,0.09653664734269554,1
48.0,0.0,1.0,11.0,29.0,19.0,1.0,372.0,0.09653664734269554,1
46.0,0.0,1.0,6.0,34.0,20.0,7.0,276.0,0.09653664734269554,0
53.0,0.0,2.0,6.0,32.666666666666664,15.0,5.0,256.0,0.09653664734269554,1
33.0,0.0,1.0,4.0,34.0,36.0,4.0,48.0,0.09653664734269554,0
54.0,0.0,2.0,6.0,34.0,40.0,1.0,132.0,0.09653664734269554,1
51.0,0.0,1.0,6.0,26.5,15.0,7.0,252.0,0.09653664734269554,1
59.0,0.0,2.0,6.0,32.0,18.0,1.0,48.0,0.09653664734269554,0
47.0,0.0,1.0,12.0,27.0,27.0,2.0,24.0,0.09653664734269554,0
58.0,0.0,2.0,6.0,33.583333333333336,17.0,7.0,127.0,0.07941164590415231,0
59.0,0.0,2.0,3.0,34.0,14.0,4.0,108.0,0.07941164590415231,1
54.0,0.0,2.0,3.0,35.0,45.0,1.0,72.0,0.07941164590415231,1
54.0,0.0,2.0,6.0,34.0,18.0,3.0,372.0,0.07941164590415231,1
52.0,0.0,1.0,0.0,29.0,17.0,1.0,120.0,0.07941164590415231,1
50.0,0.0,2.0,2.0,31.0,15.0,3.0,60.0,0.07941164590415231,1
53.0,0.0,1.0,9.0,30.0,16.0,2.0,228.0,0.07941164590415231,1
56.0,0.0,1.0,3.0,36.0,16.0,3.0,180.0,0.07941164590415231,1
55.0,0.0,2.0,6.0,34.0,15.0,2.0,60.0,0.07941164590415231,0
54.0,0.0,2.0,3.0,36.0,19.0,2.0,72.0,0.07941164590415231,1
52.0,0.0,2.0,3.0,36.0,20.0,3.0,84.0,0.07941164590415231,0
47.0,0.0,2.0,3.0,35.166666666666664,20.0,3.0,14.0,0.07941164590415231,0
